[
    {
        "id": 1,
        "name": "Intermediate JS Quiz",
        "instructions": "Please select the best answer.",
        "created": "2009-12-01T01:20:00.000Z",
        "language_type": "JavaScript",
        "tags": ["ES5", "REST", "JSON"],
        "question_ids": [1, 2],
        "professor_id": 1
    },
    {
        "id": 2,
        "name": "Intermediate JS Quiz",
        "instructions": "Please select the best answer.",
        "created": "2023-01-01T10:15:00.000Z",
        "language_type": "JavaScript",
        "tags": ["ES6", "Node.js"],
        "question_ids": [3, 4],
        "professor_id": 1
    }
]
