[
  {
    "id": 1,
    "title": "Usage of ternary operator",
    "code_snippet": "// ternary to determine state of H20\nconst degreeCelsius = 2; \nconst stateOfH2O = degreeCelsius > 0 ? 'liquid' : 'solid';",
    "programming_language": "javascript",
    "created": "2023-08-26T02:37:24.352Z",
    "user_id": 1
  },
  {
    "id": 2,
    "title": "Sum of n numbers",
    "code_snippet": "// sum numbers between 1 and a given number \n\nconst sumNumbers = n => (n * (n + 1)) / 2; \nsumNumbers(5);",
    "programming_language": "javascript",
    "created": "2023-09-30T02:37:43.087Z",
    "user_id": 1
  }
]
